Wells Fargo	service	none
Wells Fargo	Wells Fargo website	none
Tuesday	service	none
Tuesday	Wells Fargo website	none
Wells Fargo	Tuesday	none
service	Wells Fargo website	none
bank customers	bank	none
difficulty	we	none
difficulty	who	none
site	who	none
we	site and mobile banking	none
mobile banking	Wells Fargo	none
who	site and mobile banking	none
who	statement	none
disruption	Wells Fargo	none
site	Wells Fargo	none
we	statement	none
disruption	mobile banking	none
statement	Wells Fargo	none
customers	Wells Fargo	none
mobile banking	site and mobile banking	none
mobile banking	statement	none
who	disruption	none
site	difficulty	none
customers	who	none
disruption	statement	none
who	mobile banking	none
we	Wells Fargo	none
Wells Fargo	site and mobile banking	none
who	we	none
difficulty	disruption	none
customers	difficulty	none
site	we	none
customers	statement	none
disruption	site and mobile banking	none
difficulty	mobile banking	none
site	mobile banking	none
statement	site and mobile banking	none
difficulty	Wells Fargo	none
site	disruption	none
customers	site and mobile banking	none
difficulty	site and mobile banking	none
we	disruption	none
site	customers	none
customers	mobile banking	none
who	Wells Fargo	none
difficulty	statement	none
site	statement	none
customers	we	none
we	mobile banking	none
site	site and mobile banking	none
customers	disruption	none
past six months	several large U.S. banks	none
Wells Fargo	cyberattacks	none
Wells Fargo	several large U.S. banks	none
past six months	Wells Fargo	none
past six months	cyberattacks	none
cyberattacks	several large U.S. banks	none
group	continued availability	none
group	Izz ad-Din al-Qassam Cyber Fighters	none
responsibility	video clip	none
attacks	Islam	none
Izz ad-Din al-Qassam Cyber Fighters	continued availability	none
continued availability	video clip	none
continued availability	Wells Fargo	none
attacks	Izz ad-Din al-Qassam Cyber Fighters	none
group	Wells Fargo	none
continued availability	responsibility	none
attacks	Wells Fargo	none
group	responsibility	none
video clip	Wells Fargo	none
attacks	video clip	none
attacks	responsibility	none
Islam	continued availability	none
group	Islam	none
responsibility	Wells Fargo	none
Izz ad-Din al-Qassam Cyber Fighters	Wells Fargo	none
attacks	group	none
Izz ad-Din al-Qassam Cyber Fighters	video clip	none
attacks	continued availability	none
Izz ad-Din al-Qassam Cyber Fighters	responsibility	none
Islam	responsibility	none
Islam	video clip	none
Islam	Wells Fargo	none
Izz ad-Din al-Qassam Cyber Fighters	Islam	none
group	video clip	none
14-minute trailer	YouTube	none
Muslim countries	YouTube	none
widespread protests	Muslim countries	none
widespread protests	YouTube	none
Muslim countries	14-minute trailer	none
widespread protests	14-minute trailer	none
countries	India	none
most countries	Libya	none
Google	Egypt	none
countries	Libya	none
company’s guidelines	Libya	none
most countries	Egypt	none
Google	company’s guidelines	none
company’s guidelines	Egypt	none
countries	Google	none
company’s guidelines	India	none
Google	Libya	none
most countries	company’s guidelines	none
countries	company’s guidelines	none
Egypt	Libya	none
Google	India	none
countries	most countries	none
most countries	Google	none
Egypt	India	none
Libya	India	none
countries	Egypt	none
most countries	India	none
Pastebin	others	none
Citibank	Tuesday	none
others	SunTrust	none
Pastebin	Tuesday	none
Izz ad-Din al-Qassam Cyber Fighters	Tuesday	none
Citibank	Chase Bank	none
Pastebin	Chase Bank	none
Pastebin	Citibank	none
Pastebin	SunTrust	none
Izz ad-Din al-Qassam Cyber Fighters	SunTrust	none
SunTrust	Tuesday	none
others	Izz ad-Din al-Qassam Cyber Fighters	none
Pastebin	Izz ad-Din al-Qassam Cyber Fighters	none
others	Citibank	none
Izz ad-Din al-Qassam Cyber Fighters	Chase Bank	none
Chase Bank	Tuesday	none
Citibank	Izz ad-Din al-Qassam Cyber Fighters	none
Citibank	SunTrust	none
others	Tuesday	none
SunTrust	Chase Bank	none
others	Chase Bank	none
mock invoice	DDOS attack	none
group	minute	none
minute	bank	none
mock invoice	cost	none
DDOS attack	bank	none
bank	cost	none
DDOS attack	cost	none
group	cost	none
minute	cost	none
group	mock invoice	none
minute	mock invoice	none
mock invoice	bank	none
group	bank	none
group	DDOS attack	none
minute	DDOS attack	none
formula	times	none
banks	number	none
number	times	none
offensive video	number	none
offensive video	It	none
It	number	none
banks	times	none
offensive video	banks	none
formula	It	none
formula	number	none
It	times	none
offensive video	times	none
formula	banks	none
offensive video	formula	none
It	banks	none
attacks	banks	none
group	banks	none
attacks	money	none
money	banks	none
attacks	group	none
group	money	none