cloudbased Office 365 data such	secure Barracuda cloud	concept	none
Cisco ASA 5500X firewall	user	concept	none
capability	Cisco ASA 5500X Series NextGeneration Firewalls	instance	none
Cisco	Learn	concept	none
protection	Cisco	instance	none
FirePOWER	Cisco	instance	none
inspection	Cisco ASA 5500X Series NextGeneration Firewalls	instance	none
ASA 5585X Adaptive Security Appliances	proven Cisco ASA firewall protection	concept	concept
Barracuda	SecOps	none	none
Cisco ASA 5500X firewall	protection	concept	concept
backup solution	Barracuda	instance	none
Cisco ASA 5500X firewall	network	concept	none
first threatfocused nextgeneration firewall	proven Cisco ASA firewall protection	instance	none
nextgeneration firewall capability	Cisco ASA 5500X Series NextGeneration Firewalls	instance	none
Barracuda Cloud Generation network	hybrid network	concept	none
money	Barracuda Cloud Generation network	instance	none
range	Cisco ASA 5500X Series NextGeneration Firewalls help	instance	none
Cisco Adaptive Security Appliance	Cisco ASA 5500X Series NextGeneration Firewalls	instance	instance
operation	Barracuda	instance	none
Barracuda	tool	concept	none
Cisco ASA	solution	concept	concept
vendor	Barracuda	instance	instance
infrastructure look	Barracuda	instance	none
form factor	Cisco ASA 5500X Series NextGeneration Firewalls	instance	none
Barracuda	range	concept	none
cost	Cisco	instance	none
inspection	Cisco Adaptive Security Appliance	instance	none
integrity	Barracuda	instance	none
Barracuda	web application	concept	none
performance	Cisco ASA 5500X Series NextGeneration Firewalls	instance	none
Barracuda	security control	concept	none
layer	Barracuda	instance	none
following capability	Cisco ASA 5500X Series NextGeneration Firewalls	instance	none
Cisco ASA 5500X Series NextGeneration Firewalls help	service	concept	concept
Barracuda	network	hypernym	none
Cisco ASA	industry	concept	none
Barracuda Cloud Generation network	multiple site	concept	none
connection	Barracuda Cloud Generation network	instance	none
Barracuda Cloud Generation network	network	concept	concept
enterpriseclass stateful inspection	Cisco ASA 5500X Series NextGeneration Firewalls	instance	none
Barracuda	loss	concept	none
ASA	proven Cisco ASA firewall protection	instance	none
cloudbased Office 365 data such	Barracuda	concept	none
public cloud	Barracuda	hypernym	none
efficiency	Cisco	instance	none
industryleading Sourcefire threat	Cisco	concept	none
Barracuda	Data	concept	none
available	Cisco ASA	instance	none
Data	secure Barracuda cloud	instance	none
ASA	Cisco ASA 5500X Series NextGeneration Firewalls	instance	instance
Barracuda	application	concept	none
Barracuda Cloud Generation network	onpremises	concept	none
industry	Barracuda	none	none
Barracuda	device	concept	none
connection	Barracuda	instance	none
Cisco Adaptive Security Appliance	ASA	instance	concept
Barracuda	infrastructure cost	concept	none
solution	Cisco	instance	none
Barracuda	infrastructure	concept	none
multiple vendor	secure Barracuda cloud	instance	none
Barracuda	data  regardless	concept	none
reliable connection	Barracuda Cloud Generation network	instance	none
Barracuda	gateway defense	none	none
Cisco ASA	Cisco Cisco ASA 5500X Series	instance	instance
combination	Cisco ASA 5500X Series NextGeneration Firewalls help	instance	none
malware protection	Cisco	instance	none
ASA 5585X Adaptive Security Appliances	Cisco	concept	none
Barracuda	workload	none	none
Cisco ASA	industryleading Sourcefire threat	instance	none
effectiveness	Cisco ASA 5500X Series NextGeneration Firewalls help	instance	none
unlimited storage	Barracuda	instance	none
available	Cisco ASA 5500X Series NextGeneration Firewalls	instance	none
Barracuda	data	concept	none
awareness	Barracuda	instance	none
email infrastructure	Barracuda	instance	none
available	Cisco	instance	none
storage	Barracuda	instance	none
cloud application	Barracuda	instance	instance
Cisco ASA	proven Cisco ASA firewall protection	instance	none
approach	secure Barracuda cloud	instance	none
management	Cisco	instance	none
single device	proven Cisco ASA firewall protection	instance	none
available	proven Cisco ASA firewall protection	instance	none
Cisco ASA 5500X firewall	firewall	concept	concept
protection	proven Cisco ASA firewall protection	instance	instance
complexity	Cisco ASA 5500X firewall	instance	none
fraud protection	Barracuda	instance	none
factor	Cisco ASA 5500X Series NextGeneration Firewalls	instance	none
premise	Barracuda	none	none
Barracuda	Public Cloud Security product	concept	none
Barracuda	multiple layer	none	none
Cisco ASA	malware protection	concept	none
Barracuda	hybrid network	concept	none
Barracuda	first solution purposebuilt	none	none
monitor compliance policy	Barracuda	hypernym	none
need	Barracuda	none	none
malware protection	proven Cisco ASA firewall protection	instance	none
Barracuda	important	concept	none
Cisco ASA	ASA	concept	concept
Barracuda	Barracuda Cloud Generation network	instance	none
Barracuda Cloud Generation network	infrastructure cost	concept	none
proven Cisco ASA firewall protection	industry	hypernym	none
availability risk management	Cisco	hypernym	none
Cisco ASA 5500X firewall	threat	concept	none
Barracuda	business	concept	none
damage	Barracuda	none	none
ASA	Cisco Cisco ASA 5500X Series	instance	instance
targeted cyberattacks	Barracuda	hypernym	none
control	Barracuda	instance	none
Cisco ASA	first threatfocused nextgeneration firewall	instance	none
theft	Barracuda	instance	none
Cisco ASA 5500X Series NextGeneration Firewalls help	security effectiveness	concept	none
money	Barracuda	none	none
Cisco ASA 5500X firewall	risk	hypernym	none
Barracuda Cloud Generation network	consumptionbased pricing	none	none
solution	Barracuda	instance	none
public cloud	secure Barracuda cloud	instance	instance
Barracuda	matter	concept	none
Cisco Adaptive Security Appliance	nextgeneration firewall capability	instance	none
nextgeneration network security service	Cisco ASA 5500X Series NextGeneration Firewalls help	instance	none
solution	Cisco Cisco ASA 5500X Series	instance	none
Cisco	proven Cisco ASA firewall protection	instance	none
resiliency	Barracuda	instance	none
Cisco ASA	FirePOWER	concept	none
Barracuda	compromise business integrity	none	none
Barracuda Cloud Generation network	firewall	concept	none
need	secure Barracuda cloud	instance	none
Barracuda Cloud Generation network	look	hypernym	none
location	Barracuda	none	none
Barracuda	highperformance network solution reside	instance	none
malware protection	Cisco Cisco ASA 5500X Series	instance	none
Barracuda	reside	none	none
remediation	Barracuda	instance	none
cloud	secure Barracuda cloud	instance	instance
ASA software	Cisco ASA 5500X Series NextGeneration Firewalls	instance	none
financial damage	Barracuda	none	none
email	secure Barracuda cloud	instance	none
Cisco ASA 5500X firewall	productivity	concept	none
email resiliency	Barracuda	hypernym	none
first threatfocused nextgeneration firewall	Cisco	hypernym	none
Barracuda	network perimeter	none	none
purposebuilt	Barracuda Cloud Generation network	instance	none
familiar developer tool	Barracuda	hypernym	none
Cisco Cisco ASA 5500X Series	industryleading Sourcefire threat	concept	none
Barracuda Cloud Generation network	secure	hypernym	none
loss	secure Barracuda cloud	instance	none
Cisco ASA 5500X firewall	application	concept	concept
data loss	secure Barracuda cloud	instance	none
Barracuda	75	none	none
Barracuda Cloud Generation network	data  regardless	concept	none
Cisco	device	hypernym	none
Cisco ASA 5500X firewall	device	concept	none
Barracuda	DevOps	concept	none
Cisco Cisco ASA 5500X Series	device	concept	none
Barracuda	cost	concept	none
Firewalls	Cisco Adaptive Security Appliance	instance	instance
Appliance	Cisco Adaptive Security Appliance	instance	instance
productivity	Cisco ASA 5500X Series NextGeneration Firewalls help	instance	none
unlimited storage	secure Barracuda cloud	instance	none
first threatfocused nextgeneration firewall	Cisco Cisco ASA 5500X Series	instance	none
Barracuda	secure	concept	none
Barracuda	multiple site	none	none
range	Cisco ASA 5500X Series NextGeneration Firewalls	instance	none
premise	Barracuda Cloud Generation network	instance	none
policy	Barracuda	instance	none
vendor	secure Barracuda cloud	instance	none
Series	Cisco	hypernym	none
Cisco	support cost	concept	none
Cisco ASA 5500X firewall	Mobility	concept	none
industryleading Sourcefire threat	proven Cisco ASA firewall protection	concept	none
Barracuda Cloud Generation network	user	concept	none
Barracuda Cloud Generation network	cost	hypernym	none
industry	Barracuda Cloud Generation network	instance	none
ASA 5585X Adaptive Security Appliances	Cisco Cisco ASA 5500X Series	instance	none
enterpriseclass stateful inspection	Cisco Adaptive Security Appliance	instance	none
Barracuda	consumptionbased pricing	none	none
continuous threat protection	Cisco	hypernym	none
user security awareness	Barracuda	hypernym	none
Barracuda	onpremises	none	none
Cisco Cisco ASA 5500X Series	protection	concept	none
Cisco ASA 5500X firewall	network visibility	concept	none
Barracuda	website	concept	none
Cisco ASA 5500X Series NextGeneration Firewalls	multiscale performance	none	none
deployed stateful firewall	Cisco ASA 5500X Series NextGeneration Firewalls help	instance	none
Cisco ASA	protection	concept	none
help	Cisco ASA 5500X Series NextGeneration Firewalls help	instance	instance
Cisco ASA 5500X firewall	cloud drive productivity	concept	none
Cisco Cisco ASA 5500X Series	FirePOWER	concept	none
following capability	Cisco Adaptive Security Appliance	instance	none
aspect	Barracuda	none	none
Cisco ASA 5500X firewall	superior threat	concept	none
Firewalls	Cisco ASA 5500X Series NextGeneration Firewalls	instance	instance
available	Cisco Cisco ASA 5500X Series	instance	none
Appliance	Cisco ASA 5500X Series NextGeneration Firewalls	instance	instance
Barracuda	defense	concept	none
allinone approach	Barracuda	hypernym	none
cloud	Barracuda	none	none
network	Cisco ASA 5500X Series NextGeneration Firewalls	instance	none
Cisco representative	representative	concept	concept
Barracuda	user	concept	none
Cisco ASA 5500X firewall	cost	concept	none
Series	Cisco ASA	instance	none
Cisco ASA 5500X firewall	visibility	concept	none
backup solution	secure Barracuda cloud	instance	none
location	secure Barracuda cloud	instance	none
cloud	Barracuda Cloud Generation network	instance	none
Barracuda	tool necessary	none	none
solution	Cisco ASA 5500X Series NextGeneration Firewalls help	instance	none
solution	secure Barracuda cloud	instance	none
Barracuda Cloud Generation network	site	concept	none
business	secure Barracuda cloud	instance	none
Cisco ASA	single device	concept	none
Barracuda	vector	concept	none
FirePOWER	proven Cisco ASA firewall protection	instance	none
Barracuda Cloud Generation network	application	hypernym	none
Barracuda	wide range	none	none
Cisco ASA	device	concept	concept
single device	Cisco Cisco ASA 5500X Series	instance	none
size	Cisco ASA 5500X Series NextGeneration Firewalls	instance	none
Barracuda	threat vector	concept	none
Barracuda Cloud Generation network	first solution purposebuilt	none	none
wide range	Cisco ASA 5500X Series NextGeneration Firewalls	instance	none
ASA 5585X Adaptive Security Appliances	Cisco ASA	instance	concept
software	Cisco ASA 5500X Series NextGeneration Firewalls	instance	instance
attack	Cisco	instance	none
Cisco ASA	Cisco	concept	none
storage	secure Barracuda cloud	instance	none
Cisco	industry	concept	none
Cisco representative	Chat	hypernym	none
proven Cisco ASA firewall protection	device	concept	none
Cisco ASA 5500X firewall	automation	concept	none
Barracuda	Emailborne attack interrupt business operation	instance	none
infrastructure look	Barracuda Cloud Generation network	instance	none
Barracuda	Fullyfeatured APIs enable DevOps	instance	none
Barracuda	protection	concept	none
protection	secure Barracuda cloud	instance	none
theft	secure Barracuda cloud	instance	none
Cisco Cisco ASA 5500X Series	proven Cisco ASA firewall protection	concept	none
product	Barracuda	none	instance
Barracuda	email	concept	none
comprehensive range	Cisco ASA 5500X Series NextGeneration Firewalls help	instance	none
data loss	Barracuda	instance	none
Series	proven Cisco ASA firewall protection	instance	none
purposebuilt	Barracuda	concept	none
Barracuda	approach	hypernym	none
Cisco Adaptive Security Appliance	ASA software	instance	concept
application firewall	Barracuda Cloud Generation network	instance	none
Barracuda	secure Barracuda cloud	instance	none
Barracuda	look	none	none
Barracuda	mobile device	concept	none
Protect network	Cisco ASA 5500X Series NextGeneration Firewalls	instance	none
Cisco ASA 5500X firewall	introduce risk	concept	none
solution	proven Cisco ASA firewall protection	instance	none
multiple vendor	Barracuda	hypernym	none
Cisco Cisco ASA 5500X Series	Cisco	concept	none
Barracuda	highperformance network solution	none	none
allinone approach	secure Barracuda cloud	instance	none
Barracuda	site	concept	none
application firewall	Barracuda	instance	none
reliable connection	Barracuda	hypernym	none
Barracuda	perimeter	hypernym	none
ASA	Cisco	hypernym	none
Cisco ASA 5500X firewall	asset	concept	concept
malware protection	Cisco ASA 5500X firewall	instance	none
operational efficiency	Cisco	instance	none
single device	Cisco	instance	none
Cisco Adaptive Security Appliance	Software	hypernym	concept
Software	Cisco ASA 5500X Series NextGeneration Firewalls	instance	instance
Cisco Adaptive Security Appliance	capability	hypernym	none
Cisco ASA 5500X Series NextGeneration Firewalls help	industry	concept	none
Cisco Cisco ASA 5500X Series	industry	concept	none
Series	Cisco Cisco ASA 5500X Series	instance	instance
software	Cisco Adaptive Security Appliance	instance	instance
Barracuda	firewall	concept	concept
Barracuda	security	concept	none